ext_ratio_pct,n_texts,hyb_bert_f1_mean,hyb_bert_f1_std,hyb_rouge1_mean,hyb_rouge1_std,hyb_rouge2_mean,hyb_rouge2_std,hyb_rougeL_mean,hyb_rougeL_std,hyb_kw_match_mean,hyb_kw_match_std,hyb_kw_content_match_mean,hyb_kw_content_match_std,gen_bert_f1_mean,gen_rouge1_mean,gen_rouge2_mean,gen_rougeL_mean,gen_kw_match_mean,gen_kw_content_match_mean,truncation_rate,avg_bart_tokens
1,30,0.6431,0.0408,0.1898,0.0774,0.0488,0.046,0.1403,0.0548,0.0324,0.0292,0.0452,0.0458,0.6718,0.2214,0.112,0.1245,0.3968,0.5201,0.0,11.0
2,30,0.6431,0.0408,0.1898,0.0774,0.0488,0.046,0.1403,0.0548,0.0324,0.0292,0.0452,0.0458,0.6718,0.2214,0.112,0.1245,0.3968,0.5201,0.0,11.0
3,30,0.6431,0.0408,0.1898,0.0774,0.0488,0.046,0.1403,0.0548,0.0324,0.0292,0.0452,0.0458,0.6718,0.2214,0.112,0.1245,0.3968,0.5201,0.0,11.0
4,30,0.6431,0.0408,0.1898,0.0774,0.0488,0.046,0.1403,0.0548,0.0324,0.0292,0.0452,0.0458,0.6718,0.2214,0.112,0.1245,0.3968,0.5201,0.0,11.0
5,30,0.6431,0.0408,0.1898,0.0774,0.0488,0.046,0.1403,0.0548,0.0324,0.0292,0.0452,0.0458,0.6718,0.2214,0.112,0.1245,0.3968,0.5201,0.0,11.0
6,30,0.6431,0.0409,0.1927,0.0759,0.0495,0.0454,0.1413,0.054,0.0329,0.0287,0.0471,0.0451,0.6718,0.2214,0.112,0.1245,0.3968,0.5201,0.0,11.3
7,30,0.6433,0.0414,0.1982,0.0821,0.0491,0.049,0.1394,0.0553,0.0332,0.032,0.0472,0.0463,0.6718,0.2214,0.112,0.1245,0.3968,0.5201,0.0,12.0
8,30,0.6467,0.0397,0.2204,0.079,0.056,0.0498,0.1484,0.0492,0.0404,0.0368,0.0533,0.0464,0.6718,0.2214,0.112,0.1245,0.3968,0.5201,0.0,14.7
9,30,0.6467,0.0386,0.2328,0.0801,0.0554,0.0477,0.1519,0.0481,0.0412,0.0363,0.0595,0.0532,0.6718,0.2214,0.112,0.1245,0.3968,0.5201,0.0,17.4
10,30,0.6511,0.0376,0.253,0.0763,0.0662,0.05,0.1608,0.0525,0.0498,0.0382,0.0674,0.0561,0.6718,0.2214,0.112,0.1245,0.3968,0.5201,0.0,20.4
11,30,0.6538,0.0365,0.2652,0.0687,0.0722,0.0477,0.166,0.0499,0.0551,0.0365,0.0749,0.0532,0.6718,0.2214,0.112,0.1245,0.3968,0.5201,0.0,22.3
12,30,0.6548,0.0355,0.2637,0.0715,0.0718,0.0496,0.1669,0.0527,0.0549,0.0377,0.0762,0.0528,0.6718,0.2214,0.112,0.1245,0.3968,0.5201,0.0,23.3
13,30,0.6553,0.0352,0.2638,0.0701,0.0709,0.0493,0.1661,0.0529,0.0543,0.0372,0.0762,0.0528,0.6718,0.2214,0.112,0.1245,0.3968,0.5201,0.0,24.8
14,30,0.6591,0.0323,0.27,0.0647,0.0737,0.0521,0.1644,0.0493,0.0586,0.0432,0.0864,0.0686,0.6718,0.2214,0.112,0.1245,0.3968,0.5201,0.0,27.5
15,30,0.6623,0.0344,0.2777,0.0716,0.0797,0.0539,0.1661,0.0496,0.0647,0.0448,0.0926,0.0667,0.6718,0.2214,0.112,0.1245,0.3968,0.5201,0.0,30.0
16,30,0.6664,0.037,0.2864,0.0722,0.0853,0.0537,0.1706,0.0465,0.0702,0.0444,0.0973,0.0636,0.6718,0.2214,0.112,0.1245,0.3968,0.5201,0.0,32.7
17,30,0.6666,0.0389,0.2902,0.0747,0.0865,0.0525,0.1686,0.0473,0.0722,0.0445,0.1056,0.0606,0.6718,0.2214,0.112,0.1245,0.3968,0.5201,0.0,35.5
18,30,0.6672,0.0397,0.2949,0.0719,0.089,0.0517,0.1675,0.0463,0.0748,0.0451,0.1133,0.0647,0.6718,0.2214,0.112,0.1245,0.3968,0.5201,0.0,39.1
19,30,0.6684,0.0369,0.2937,0.0755,0.09,0.055,0.1668,0.0469,0.0777,0.0501,0.1198,0.0669,0.6718,0.2214,0.112,0.1245,0.3968,0.5201,0.0,41.9
20,30,0.6701,0.0334,0.2945,0.0745,0.0898,0.0552,0.1677,0.0466,0.0777,0.0501,0.1198,0.0669,0.6718,0.2214,0.112,0.1245,0.3968,0.5201,0.0,42.4
21,30,0.6705,0.0345,0.3037,0.0894,0.0936,0.0615,0.175,0.0564,0.0832,0.0575,0.1285,0.0784,0.6718,0.2214,0.112,0.1245,0.3968,0.5201,0.0,47.0
22,30,0.672,0.0363,0.319,0.0901,0.0979,0.0635,0.1836,0.0555,0.089,0.0586,0.1436,0.0818,0.6718,0.2214,0.112,0.1245,0.3968,0.5201,0.0,49.7
23,30,0.6733,0.036,0.3246,0.0909,0.0985,0.0638,0.1859,0.0543,0.092,0.0593,0.1483,0.0828,0.6718,0.2214,0.112,0.1245,0.3968,0.5201,0.0,51.9
24,30,0.6722,0.0356,0.3307,0.0843,0.1013,0.0628,0.1876,0.0489,0.0995,0.0655,0.1568,0.0908,0.6718,0.2214,0.112,0.1245,0.3968,0.5201,0.0,56.9
25,30,0.6707,0.0354,0.3351,0.0827,0.1024,0.0609,0.1893,0.0478,0.1023,0.0635,0.1621,0.0906,0.6718,0.2214,0.112,0.1245,0.3968,0.5201,0.0,59.6
26,30,0.6716,0.0336,0.3374,0.0806,0.1055,0.0594,0.1918,0.047,0.106,0.0623,0.1653,0.0884,0.6718,0.2214,0.112,0.1245,0.3968,0.5201,0.0,61.5
27,30,0.6712,0.0338,0.3483,0.0695,0.1068,0.0579,0.1941,0.0476,0.1104,0.0633,0.1645,0.0869,0.6718,0.2214,0.112,0.1245,0.3968,0.5201,0.0,65.3
28,30,0.6717,0.0338,0.3491,0.0705,0.1109,0.0571,0.1959,0.0484,0.1153,0.0634,0.1729,0.0901,0.6718,0.2214,0.112,0.1245,0.3968,0.5201,0.0,67.1
29,30,0.6734,0.0317,0.3488,0.0751,0.1136,0.0604,0.1961,0.0487,0.1234,0.0681,0.1794,0.0866,0.6718,0.2214,0.112,0.1245,0.3968,0.5201,0.0,74.4
30,30,0.6755,0.0317,0.3582,0.0803,0.1231,0.0635,0.1992,0.0499,0.1332,0.069,0.1919,0.0841,0.6718,0.2214,0.112,0.1245,0.3968,0.5201,0.0,75.6
31,30,0.675,0.0318,0.3577,0.0806,0.1218,0.0607,0.1977,0.0494,0.1334,0.0657,0.1923,0.0855,0.6718,0.2214,0.112,0.1245,0.3968,0.5201,0.0,79.3
32,30,0.6743,0.032,0.3576,0.0806,0.1192,0.0609,0.1972,0.0494,0.1309,0.0656,0.1901,0.0852,0.6718,0.2214,0.112,0.1245,0.3968,0.5201,0.0,79.9
33,30,0.6745,0.0318,0.3575,0.0793,0.1178,0.0589,0.1939,0.0443,0.1369,0.0671,0.196,0.0919,0.6718,0.2214,0.112,0.1245,0.3968,0.5201,0.0,87.3
34,30,0.6745,0.0318,0.3575,0.0793,0.1178,0.0589,0.1939,0.0443,0.1369,0.0671,0.196,0.0919,0.6718,0.2214,0.112,0.1245,0.3968,0.5201,0.0,87.3
35,30,0.6714,0.0314,0.3508,0.0752,0.1149,0.0531,0.1888,0.0436,0.1395,0.0665,0.1991,0.0978,0.6718,0.2214,0.112,0.1245,0.3968,0.5201,0.0,94.3
36,30,0.674,0.0313,0.3553,0.0749,0.1223,0.0529,0.1943,0.0464,0.1504,0.0665,0.216,0.0959,0.6718,0.2214,0.112,0.1245,0.3968,0.5201,0.0,95.9
37,30,0.675,0.0305,0.3569,0.0735,0.1248,0.0538,0.1928,0.0459,0.1567,0.0659,0.2226,0.0935,0.6718,0.2214,0.112,0.1245,0.3968,0.5201,0.0,99.5
38,30,0.6729,0.0292,0.3504,0.073,0.1223,0.0512,0.1928,0.043,0.1557,0.0645,0.2177,0.0897,0.6718,0.2214,0.112,0.1245,0.3968,0.5201,0.0,102.4
39,30,0.6721,0.0276,0.3448,0.067,0.1209,0.0481,0.1887,0.0398,0.1581,0.0649,0.2215,0.0893,0.6718,0.2214,0.112,0.1245,0.3968,0.5201,0.0,105.4
40,30,0.6737,0.0243,0.3397,0.0643,0.1165,0.0498,0.182,0.0415,0.1604,0.0755,0.2251,0.0849,0.6718,0.2214,0.112,0.1245,0.3968,0.5201,0.0,111.8
41,30,0.6723,0.0244,0.3422,0.0656,0.1157,0.0471,0.1788,0.0359,0.165,0.0758,0.2327,0.0851,0.6718,0.2214,0.112,0.1245,0.3968,0.5201,0.0,116.2
42,30,0.6727,0.0241,0.3419,0.0659,0.1162,0.0469,0.1788,0.0359,0.1664,0.0758,0.2344,0.0839,0.6718,0.2214,0.112,0.1245,0.3968,0.5201,0.0,117.0
43,30,0.6734,0.0247,0.3433,0.0635,0.1163,0.0469,0.1787,0.0354,0.1687,0.0778,0.2415,0.0919,0.6718,0.2214,0.112,0.1245,0.3968,0.5201,0.0,118.2
44,30,0.6771,0.0224,0.3499,0.068,0.1254,0.0491,0.1829,0.0413,0.1852,0.079,0.2655,0.0945,0.6718,0.2214,0.112,0.1245,0.3968,0.5201,0.0,121.5
45,30,0.6775,0.0238,0.3535,0.0671,0.1285,0.0504,0.1862,0.0415,0.1995,0.0958,0.2861,0.1227,0.6718,0.2214,0.112,0.1245,0.3968,0.5201,0.0,128.1
46,30,0.678,0.0225,0.3556,0.069,0.1288,0.0522,0.1861,0.0431,0.2028,0.096,0.2916,0.122,0.6718,0.2214,0.112,0.1245,0.3968,0.5201,0.0,131.3
47,30,0.679,0.0233,0.3506,0.0705,0.129,0.0504,0.1849,0.0418,0.2079,0.0912,0.2967,0.1201,0.6718,0.2214,0.112,0.1245,0.3968,0.5201,0.0,138.3
48,30,0.6775,0.0233,0.3445,0.0715,0.1278,0.0513,0.1808,0.0438,0.211,0.0955,0.2978,0.12,0.6718,0.2214,0.112,0.1245,0.3968,0.5201,0.0,142.5
49,30,0.6777,0.023,0.344,0.0717,0.128,0.0513,0.1807,0.0439,0.212,0.0959,0.2978,0.12,0.6718,0.2214,0.112,0.1245,0.3968,0.5201,0.0,143.3
50,30,0.6782,0.0243,0.346,0.0748,0.1293,0.0541,0.1776,0.0373,0.2208,0.1024,0.3131,0.1299,0.6718,0.2214,0.112,0.1245,0.3968,0.5201,0.0,150.9
51,30,0.6774,0.0248,0.3404,0.0728,0.1303,0.0543,0.1773,0.0383,0.2282,0.1067,0.3227,0.1273,0.6718,0.2214,0.112,0.1245,0.3968,0.5201,0.0,154.8
52,30,0.6772,0.0251,0.3399,0.0731,0.1297,0.0545,0.1771,0.0386,0.2272,0.1064,0.3209,0.1267,0.6718,0.2214,0.112,0.1245,0.3968,0.5201,0.0,155.2
53,30,0.676,0.0268,0.3397,0.072,0.1326,0.0538,0.1777,0.0378,0.233,0.1061,0.3281,0.1248,0.6718,0.2214,0.112,0.1245,0.3968,0.5201,0.0,159.1
54,30,0.6757,0.0267,0.3392,0.075,0.1353,0.0535,0.178,0.038,0.2415,0.1025,0.3376,0.1197,0.6718,0.2214,0.112,0.1245,0.3968,0.5201,0.0,165.6
55,30,0.6771,0.0266,0.3382,0.0728,0.138,0.054,0.1757,0.0358,0.2495,0.1012,0.3462,0.1179,0.6718,0.2214,0.112,0.1245,0.3968,0.5201,0.0,169.5
56,30,0.6754,0.025,0.3322,0.0707,0.1336,0.0514,0.1725,0.038,0.2423,0.1007,0.3303,0.1179,0.6718,0.2214,0.112,0.1245,0.3968,0.5201,0.0,176.4
57,30,0.6767,0.0246,0.3324,0.0703,0.1361,0.0503,0.1729,0.0391,0.2497,0.1005,0.3387,0.119,0.6718,0.2214,0.112,0.1245,0.3968,0.5201,0.0,179.9
58,30,0.6771,0.0247,0.3312,0.0711,0.1361,0.0503,0.1732,0.0388,0.2523,0.1011,0.3422,0.1212,0.6718,0.2214,0.112,0.1245,0.3968,0.5201,0.0,181.6
59,30,0.6767,0.0253,0.3298,0.0726,0.1348,0.0508,0.1723,0.0398,0.2499,0.1013,0.3389,0.1224,0.6718,0.2214,0.112,0.1245,0.3968,0.5201,0.0,182.1
60,30,0.6769,0.0236,0.3262,0.0722,0.1372,0.0498,0.171,0.0412,0.26,0.1025,0.3472,0.1297,0.6718,0.2214,0.112,0.1245,0.3968,0.5201,0.0,188.1
61,30,0.6788,0.0244,0.3236,0.0755,0.1414,0.0481,0.1692,0.041,0.2803,0.0981,0.3693,0.1286,0.6718,0.2214,0.112,0.1245,0.3968,0.5201,0.0,196.8
62,30,0.6779,0.0243,0.3197,0.0738,0.1383,0.0472,0.1677,0.0365,0.28,0.0972,0.3746,0.1301,0.6718,0.2214,0.112,0.1245,0.3968,0.5201,0.0,201.2
63,30,0.6778,0.0243,0.3198,0.0759,0.1388,0.0476,0.1671,0.0374,0.2825,0.0979,0.3796,0.1326,0.6718,0.2214,0.112,0.1245,0.3968,0.5201,0.0,203.6
64,30,0.6779,0.0255,0.3157,0.0738,0.1394,0.0493,0.1665,0.0349,0.29,0.1063,0.385,0.1362,0.6718,0.2214,0.112,0.1245,0.3968,0.5201,0.0,209.2
65,30,0.6764,0.0256,0.3123,0.0742,0.1363,0.0488,0.1654,0.0351,0.2863,0.1064,0.3787,0.1372,0.6718,0.2214,0.112,0.1245,0.3968,0.5201,0.0,211.8
66,30,0.6762,0.025,0.3037,0.0684,0.1312,0.0436,0.1658,0.0312,0.2875,0.0971,0.3853,0.1247,0.6718,0.2214,0.112,0.1245,0.3968,0.5201,0.0,221.4
67,30,0.6762,0.025,0.3037,0.0684,0.1312,0.0436,0.1658,0.0312,0.2875,0.0971,0.3853,0.1247,0.6718,0.2214,0.112,0.1245,0.3968,0.5201,0.0,221.4
68,30,0.6795,0.0261,0.307,0.0714,0.1384,0.0495,0.1655,0.0315,0.3098,0.1017,0.4094,0.1212,0.6718,0.2214,0.112,0.1245,0.3968,0.5201,0.0,231.4
69,30,0.6796,0.0261,0.3062,0.0716,0.1379,0.0497,0.1644,0.0319,0.3087,0.1023,0.4083,0.1215,0.6718,0.2214,0.112,0.1245,0.3968,0.5201,0.0,232.1
70,30,0.6807,0.0258,0.3061,0.0719,0.1386,0.0501,0.1626,0.0329,0.3132,0.1017,0.4182,0.1164,0.6718,0.2214,0.112,0.1245,0.3968,0.5201,0.0,234.8
71,30,0.6787,0.0257,0.3006,0.065,0.1352,0.0448,0.16,0.0311,0.3135,0.1008,0.4175,0.1247,0.6718,0.2214,0.112,0.1245,0.3968,0.5201,0.0,241.3
72,30,0.6776,0.027,0.2985,0.0655,0.1373,0.0445,0.1555,0.0319,0.3273,0.1117,0.4397,0.135,0.6718,0.2214,0.112,0.1245,0.3968,0.5201,0.0,250.9
73,30,0.6774,0.0271,0.2977,0.0662,0.1358,0.0457,0.1555,0.0316,0.327,0.1141,0.4421,0.1366,0.6718,0.2214,0.112,0.1245,0.3968,0.5201,0.0,253.8
74,30,0.6753,0.0253,0.2916,0.0627,0.1307,0.0399,0.1549,0.032,0.3213,0.1063,0.437,0.1384,0.6718,0.2214,0.112,0.1245,0.3968,0.5201,0.0,259.9
75,30,0.6765,0.0271,0.2925,0.0645,0.1322,0.0411,0.1546,0.0338,0.3254,0.1073,0.4431,0.1438,0.6718,0.2214,0.112,0.1245,0.3968,0.5201,0.0,264.0
76,30,0.6751,0.0265,0.2866,0.065,0.1285,0.0415,0.1501,0.0317,0.3212,0.1096,0.4361,0.147,0.6718,0.2214,0.112,0.1245,0.3968,0.5201,0.0,269.5
77,30,0.6749,0.0264,0.2797,0.0625,0.1272,0.0423,0.1472,0.0301,0.3219,0.1065,0.4292,0.14,0.6718,0.2214,0.112,0.1245,0.3968,0.5201,0.0,276.4
78,30,0.6757,0.0268,0.2789,0.0637,0.1294,0.0421,0.1473,0.0313,0.3289,0.1062,0.4348,0.1394,0.6718,0.2214,0.112,0.1245,0.3968,0.5201,0.0,279.2
79,30,0.6746,0.0281,0.2757,0.0652,0.1281,0.0436,0.146,0.0317,0.3325,0.1066,0.4369,0.1407,0.6718,0.2214,0.112,0.1245,0.3968,0.5201,0.0,288.5
80,30,0.6754,0.0282,0.2737,0.0666,0.128,0.0442,0.1434,0.0285,0.3404,0.1074,0.45,0.1433,0.6718,0.2214,0.112,0.1245,0.3968,0.5201,0.0,296.3
81,30,0.6755,0.0279,0.2733,0.0671,0.1278,0.0444,0.143,0.029,0.3404,0.1074,0.45,0.1433,0.6718,0.2214,0.112,0.1245,0.3968,0.5201,0.0,297.1
82,30,0.676,0.0265,0.2706,0.0654,0.1261,0.0429,0.1422,0.0291,0.3415,0.1009,0.4592,0.1375,0.6718,0.2214,0.112,0.1245,0.3968,0.5201,0.0,304
83,30,0.6768,0.0269,0.2704,0.066,0.1302,0.0438,0.1459,0.0285,0.3558,0.0898,0.4764,0.1216,0.6718,0.2214,0.112,0.1245,0.3968,0.5201,0.0,309.8
84,30,0.6769,0.027,0.2665,0.0645,0.1274,0.0401,0.1474,0.0284,0.3567,0.09,0.4733,0.1246,0.6718,0.2214,0.112,0.1245,0.3968,0.5201,0.0,316.1
85,30,0.6768,0.0255,0.2651,0.0638,0.1283,0.0386,0.1454,0.0275,0.3632,0.0837,0.4847,0.1132,0.6718,0.2214,0.112,0.1245,0.3968,0.5201,0.0,323
86,30,0.6763,0.0259,0.26,0.0618,0.1286,0.0396,0.1425,0.0255,0.3728,0.0964,0.4853,0.1177,0.6718,0.2214,0.112,0.1245,0.3968,0.5201,0.0,330.1
87,30,0.677,0.0251,0.2586,0.0636,0.13,0.0385,0.1422,0.0248,0.386,0.1105,0.4963,0.1276,0.6718,0.2214,0.112,0.1245,0.3968,0.5201,0.0,336.9
88,30,0.6777,0.0256,0.258,0.0613,0.1309,0.0388,0.1429,0.0261,0.391,0.11,0.5019,0.1273,0.6718,0.2214,0.112,0.1245,0.3968,0.5201,0.0,340.2
89,30,0.6766,0.0281,0.2549,0.0623,0.1293,0.0409,0.1393,0.0284,0.3914,0.1163,0.4999,0.1444,0.6718,0.2214,0.112,0.1245,0.3968,0.5201,0.0,344.5
90,30,0.6739,0.0277,0.2471,0.0597,0.1226,0.0409,0.1341,0.0285,0.3794,0.1264,0.4855,0.1514,0.6718,0.2214,0.112,0.1245,0.3968,0.5201,0.0,354.0
91,30,0.6738,0.0274,0.2437,0.0589,0.1212,0.0412,0.1344,0.0288,0.3804,0.1272,0.4802,0.1514,0.6718,0.2214,0.112,0.1245,0.3968,0.5201,0.0,359.7
92,30,0.6734,0.027,0.2417,0.0582,0.1202,0.0407,0.1318,0.0281,0.3833,0.1275,0.4881,0.1465,0.6718,0.2214,0.112,0.1245,0.3968,0.5201,0.0,368.9
93,30,0.6716,0.027,0.2391,0.057,0.1175,0.0401,0.1303,0.0266,0.3805,0.1232,0.4784,0.1444,0.6718,0.2214,0.112,0.1245,0.3968,0.5201,0.0,380.4
94,30,0.6726,0.023,0.2393,0.0566,0.1186,0.0384,0.1312,0.0256,0.3852,0.1167,0.4836,0.1286,0.6718,0.2214,0.112,0.1245,0.3968,0.5201,0.0,383.4
95,30,0.6731,0.023,0.2382,0.0571,0.1193,0.0382,0.1314,0.0264,0.3887,0.1165,0.4854,0.13,0.6718,0.2214,0.112,0.1245,0.3968,0.5201,0.0,385.8
96,30,0.6725,0.0221,0.2372,0.0547,0.1181,0.0359,0.1308,0.0254,0.3876,0.1156,0.4869,0.131,0.6718,0.2214,0.112,0.1245,0.3968,0.5201,0.0,387.1
97,30,0.6763,0.0253,0.2354,0.0536,0.1218,0.0333,0.1314,0.0231,0.4102,0.1011,0.512,0.1187,0.6718,0.2214,0.112,0.1245,0.3968,0.5201,0.0,401.6
98,30,0.6755,0.0212,0.2275,0.0568,0.12,0.0336,0.1278,0.0257,0.4183,0.091,0.535,0.1058,0.6718,0.2214,0.112,0.1245,0.3968,0.5201,0.067,427.6
99,30,0.6752,0.0216,0.2273,0.057,0.1195,0.034,0.128,0.0256,0.4158,0.0916,0.5332,0.1049,0.6718,0.2214,0.112,0.1245,0.3968,0.5201,0.1,428.1
100,30,0.6752,0.0216,0.2273,0.057,0.1195,0.034,0.128,0.0256,0.4158,0.0916,0.5332,0.1049,0.6718,0.2214,0.112,0.1245,0.3968,0.5201,0.1,428.1
